公众号,文章
携程技术,https://mp.weixin.qq.com/s/AEuenKF2kSXonEfKKvAxEw
京东零售,https://mp.weixin.qq.com/s/UKi5FdQQrMCwt6cKmejQsw
京东技术,https://mp.weixin.qq.com/s/-8re3mrk0cEVyNcGs8291w
百度Geek说,https://mp.weixin.qq.com/s/LxQ37UM5pE33GR0l4wNJ2A
小红书技术,https://mp.weixin.qq.com/s/B5qkgwGHdFY2QY7l4LLFGg
阿里技术,https://mp.weixin.qq.com/s/grrJJ3U_0tA9-Zf_ZUi3_w
蚂蚁技术,https://mp.weixin.qq.com/s/jlQOeLtiayJAh9zJb4Deow
阿里云开发,https://mp.weixin.qq.com/s/lOzg1n-iIgw4W4_HyO7jDQ
字节跳动技术,https://mp.weixin.qq.com/s/94NU86fJwciKK9HpJbqB3w
微软亚洲研究院,https://mp.weixin.qq.com/s/1ARmEFZNf3ioBcbAi_Az-g
腾讯技术工程,https://mp.weixin.qq.com/s/FIwxnAEMDsw0OA6OaUbPgw
阿里云,https://mp.weixin.qq.com/s/PAdsO7VqrHGH_tuQytzwlw
京东云,https://mp.weixin.qq.com/s/XwbRFj0iyfTeOm5nxQ78RQ
大淘宝技术,https://mp.weixin.qq.com/s/XpetCEQP02f5Imf16YRt6w
美团技术,https://mp.weixin.qq.com/s/RRD21LeEfWQszcyemOHLHQ
转转技术,https://mp.weixin.qq.com/s/5YDkKwpJmN-WHxzSpxP-4A
哔哩哔哩技术,https://mp.weixin.qq.com/s/NBoIzxod3a2SE0ILFZz7Mw
亚马逊云科技,https://mp.weixin.qq.com/s/rDhe0zbg_jTpeggIbC6r_A
小米技术,https://mp.weixin.qq.com/s/8S_2jq23duEDkSvPxjLJRQ
即刻技术,https://mp.weixin.qq.com/s/fCELffvpF09R9QHYJxeNwA
爱彼迎技术,https://mp.weixin.qq.com/s/aruCgYvwPxLx6MnzmdxYiQ
得物技术,https://mp.weixin.qq.com/s/uK4WqlliE_fuMCz_GqAZqA
谷歌开发者,https://mp.weixin.qq.com/s/QjdIqCKW5UFmTu_4A1N-gQ
腾讯云开发者,https://mp.weixin.qq.com/s/lqaR6W7XGHRGo5-E2TNiaA
爱奇艺技术,https://mp.weixin.qq.com/s/aHRmT-rbR71fTP4rc8e7tg
滴滴技术,https://mp.weixin.qq.com/s/rHIOFIKAD9AtKaZSnycptQ
快手技术,https://mp.weixin.qq.com/s/WjBqGugM9b-rXOGLWqPjHQ
网易云音乐技术,https://mp.weixin.qq.com/s/FmTFYfMVPTKH-pqmwG1Avg
微软科技,https://mp.weixin.qq.com/s/Gs7EL35-E2-B95fs4eJq4Q
Qunar技术沙龙,https://mp.weixin.qq.com/s/qEbvFBqgnHYVFLh1mJ9ytw
vivo互联网技术,https://mp.weixin.qq.com/s/pdk4n_O7_EW7ScwWmW072w
比尔盖茨,https://mp.weixin.qq.com/s/bV9OvwDRY3QoaDXa8Nvyrg
极客公园,https://mp.weixin.qq.com/s/4sJ-Es2CmLH_8NOTcGtBUg
印记中文,https://mp.weixin.qq.com/s/ECHr-9MEQZwFd6Jn6UM_mw
大模型日报,https://mp.weixin.qq.com/s/41klMygD70QyD2Ub1FNCdw
ShowMeAI研究中心,https://mp.weixin.qq.com/s/-MEEo36ZxkZBalDBZ4DPnQ
Thoughtworks洞见,https://mp.weixin.qq.com/s/5FMQXKPMXaeXe3BuchQJpg
艾瑞咨询,https://mp.weixin.qq.com/s/mDY8cC48zpvhzv_K3M3TqA
AIGCRank,https://mp.weixin.qq.com/s/8SOJiiJt_6uDjEG9NF8uiA
程序员头条,https://mp.weixin.qq.com/s/F5Fz5vaGDEXM4i82zOH_sg
Gartner公司,https://mp.weixin.qq.com/s/4m36P-9-D4h5Kw0Zo4qHcw
IT咖啡馆,https://mp.weixin.qq.com/s/8EkHAvldyONmUo1NT6pnZw
麻省理工科技评论,https://mp.weixin.qq.com/s/XDnaGqM74dHyJHz_WLTYYA
晚点LatePost,https://mp.weixin.qq.com/s/VaWJNoUcZG0KhaMsCC564Q
36氪,https://mp.weixin.qq.com/s/pbAZ3z39QyjUWqMBf6IM8Q
OSC开源社区,https://mp.weixin.qq.com/s/_PjlPfcnNHD9gfKOYDkhXQ